{"train/loss": 0.0753, "train/learning_rate": 0.0, "train/epoch": 2.97, "train/global_step": 1644, "_timestamp": 1703220179.176174, "_runtime": 12746.132777929306, "_step": 1644, "train/train_runtime": 12746.9607, "train/train_samples_per_second": 2.353, "train/train_steps_per_second": 0.129, "train/total_flos": 2.68531141705728e+17, "train/train_loss": 0.24749973748296208, "_wandb": {"runtime": 12746}}