{"train/loss": 0.0037, "train/learning_rate": 0.0, "train/epoch": 2.95, "train/global_step": 2658, "_timestamp": 1703269577.745901, "_runtime": 20619.3839700222, "_step": 2658, "train/train_runtime": 20620.1999, "train/train_samples_per_second": 1.447, "train/train_steps_per_second": 0.129, "train/total_flos": 4.342240454167757e+17, "train/train_loss": 0.032305470603111563, "_wandb": {"runtime": 20619}}