{"train/loss": 0.0084, "train/learning_rate": 3.571496489724624e-06, "train/epoch": 2.7, "train/global_step": 10891, "_timestamp": 1703131650.381429, "_runtime": 84571.65730595589, "_step": 10890}