{"train/loss": 0.007, "train/learning_rate": 0.0, "train/epoch": 2.96, "train/global_step": 11907, "_timestamp": 1703139540.6970708, "_runtime": 92461.97294783592, "_step": 11907, "train/train_runtime": 92462.784, "train/train_samples_per_second": 1.439, "train/train_steps_per_second": 0.129, "train/total_flos": 1.9451660762873856e+18, "train/train_loss": 0.032724847354955656, "_wandb": {"runtime": 92462}}